signal,horizont_tage,n_events,mean_return,mean_mdd,sharpe,mean_return_basis,t_pvalue,u_pvalue,signifikant_5pct,Börse,Ratio_Art,Niveau,Index,Mehrrendite,belastbar
stocks_ratio_70pct_fallend,30,775,0.016147803564670885,-0.06241347214331784,0.6905933991714965,0.01197949632199546,0.10541643328760841,0.009549919165755438,False,NASDAQ,stocks_ratio,70,S&P 500,0.0041683072426754245,True
stocks_ratio_70pct_fallend,60,775,0.0304909491266707,-0.08562995102131572,0.7278043885947338,0.024081544333417183,0.05175777404973948,0.031167505145186854,False,NASDAQ,stocks_ratio,70,S&P 500,0.006409404793253519,True
stocks_ratio_70pct_fallend,90,775,0.0434419432486243,-0.10335394621003495,0.6631037768309653,0.03654052573550044,0.09975210307699729,0.008761892658693872,False,NASDAQ,stocks_ratio,70,S&P 500,0.006901417513123856,True
stocks_ratio_70pct_fallend,30,775,0.014942378500980482,-0.0586561749081767,0.6839830319007243,0.010153208940029,0.04685497361400242,0.0014793592531215287,True,NASDAQ,stocks_ratio,70,Dow Jones,0.0047891695609514826,True
stocks_ratio_70pct_fallend,60,775,0.02699766800116002,-0.08049640240362732,0.7124356495758076,0.02012072512784474,0.021559270736391606,0.026123665449202027,True,NASDAQ,stocks_ratio,70,Dow Jones,0.006876942873315278,True
stocks_ratio_70pct_fallend,90,775,0.03612949816169537,-0.09735387925019183,0.626661628026504,0.030314762669667872,0.11665711171783634,0.03143010525502248,False,NASDAQ,stocks_ratio,70,Dow Jones,0.0058147354920274966,True
stocks_ratio_70pct_fallend,30,775,0.022459992024081672,-0.07207747283960204,0.8360966193283115,0.01909582167901598,0.2572206608126906,0.1393981148532287,False,NASDAQ,stocks_ratio,70,NASDAQ 100,0.003364170345065691,True
stocks_ratio_70pct_fallend,60,775,0.045738976390078546,-0.09826195093823578,0.8793609112198743,0.03898690196589121,0.09811770416550886,0.06835816150274218,False,NASDAQ,stocks_ratio,70,NASDAQ 100,0.006752074424187335,True
stocks_ratio_70pct_fallend,90,775,0.06963267149870642,-0.11758475607397627,0.8626169202580534,0.05916250684530102,0.04248420313599057,0.003937414717602392,True,NASDAQ,stocks_ratio,70,NASDAQ 100,0.010470164653405396,True
stocks_ratio_70pct_fallend,30,775,0.018909288554079515,-0.08174345270655956,0.6121872278737504,0.01139934006387728,0.0275686999319949,0.0013702918527360671,True,NASDAQ,stocks_ratio,70,Russell 2000,0.007509948490202235,True
stocks_ratio_70pct_fallend,60,775,0.03455279208416927,-0.11250189054350437,0.6246625482626398,0.022813289139560263,0.007180580146684292,0.00332591434383382,True,NASDAQ,stocks_ratio,70,Russell 2000,0.011739502944609004,True
stocks_ratio_70pct_fallend,90,775,0.04675448537829276,-0.1348461603115098,0.5581274598089053,0.034351194551070496,0.021583392225877827,0.004823769426373873,True,NASDAQ,stocks_ratio,70,Russell 2000,0.01240329082722226,True
stocks_ratio_80pct_fallend,30,255,0.018133703287168353,-0.07337034680470697,0.6598039687498611,0.01197949632199546,0.2245955324097512,0.006549744880946148,False,NASDAQ,stocks_ratio,80,S&P 500,0.006154206965172892,True
stocks_ratio_80pct_fallend,60,255,0.038265519260811856,-0.09476194724003673,0.801537818615578,0.024081544333417183,0.023595403566209927,0.0008866183436664172,True,NASDAQ,stocks_ratio,80,S&P 500,0.014183974927394673,True
stocks_ratio_80pct_fallend,90,255,0.04945487727138579,-0.11119921835275967,0.6844991227361248,0.03654052573550044,0.09450650178189235,0.0009039857971233416,False,NASDAQ,stocks_ratio,80,S&P 500,0.012914351535885348,True
stocks_ratio_80pct_fallend,30,255,0.016915915538635914,-0.06892114718138946,0.6844673860257576,0.010153208940029,0.1386378444305047,0.003902189359340214,False,NASDAQ,stocks_ratio,80,Dow Jones,0.006762706598606914,True
stocks_ratio_80pct_fallend,60,255,0.03494768175492824,-0.08888889814949727,0.8196576994597453,0.02012072512784474,0.008262128355469762,0.0008959974765174141,True,NASDAQ,stocks_ratio,80,Dow Jones,0.014826956627083498,True
stocks_ratio_80pct_fallend,90,255,0.04208000587368162,-0.10418290213974957,0.6615086861090708,0.030314762669667872,0.08406080800223492,0.0022153798942854525,False,NASDAQ,stocks_ratio,80,Dow Jones,0.011765243204013745,True
stocks_ratio_80pct_fallend,30,255,0.026307494090117896,-0.08045111596850284,0.8415471683651603,0.01909582167901598,0.21156851538287208,0.01902278396691064,False,NASDAQ,stocks_ratio,80,NASDAQ 100,0.007211672411101915,True
stocks_ratio_80pct_fallend,60,255,0.05582520834513139,-0.10366731639508749,0.9592303012788989,0.03898690196589121,0.027469662270424935,0.0018324557149109284,True,NASDAQ,stocks_ratio,80,NASDAQ 100,0.016838306379240178,True
stocks_ratio_80pct_fallend,90,255,0.08038524245968183,-0.12165652081751253,0.9123596901392309,0.05916250684530102,0.024529337171163026,0.00039199089199437766,True,NASDAQ,stocks_ratio,80,NASDAQ 100,0.02122273561438081,True
stocks_ratio_80pct_fallend,30,255,0.018969710536770653,-0.09432641894413059,0.5277083779543109,0.01139934006387728,0.25366200958349877,0.01107217978078049,False,NASDAQ,stocks_ratio,80,Russell 2000,0.007570370472893374,True
stocks_ratio_80pct_fallend,60,255,0.044409771896290196,-0.1226914740865329,0.7007865075043056,0.022813289139560263,0.00956664414569639,0.0006615675577835816,True,NASDAQ,stocks_ratio,80,Russell 2000,0.021596482756729932,True
stocks_ratio_80pct_fallend,90,255,0.05696158841037048,-0.14302928046616228,0.611370842308114,0.034351194551070496,0.023709138294672718,0.0013605804678275108,True,NASDAQ,stocks_ratio,80,Russell 2000,0.022610393859299985,True
stocks_ratio_90pct_fallend,30,13,0.06908785605032378,-0.08539833174315864,2.7697942677224554,0.01197949632199546,0.014693078596499307,0.005332788874849375,True,NASDAQ,stocks_ratio,90,S&P 500,0.05710835972832831,False
stocks_ratio_90pct_fallend,60,13,0.11838426787159811,-0.10858970599062669,2.388971794101067,0.024081544333417183,0.005806269754062031,0.0002591551600476848,True,NASDAQ,stocks_ratio,90,S&P 500,0.09430272353818094,False
stocks_ratio_90pct_fallend,90,13,0.13320076230135042,-0.12784418708359674,1.9689089159027329,0.03654052573550044,0.009576094823429481,0.0034566732236527885,True,NASDAQ,stocks_ratio,90,S&P 500,0.09666023656584997,False
stocks_ratio_90pct_fallend,30,13,0.05945101209595402,-0.08643486402631738,2.5159502703820054,0.010153208940029,0.023464785391709965,0.007506326759484832,True,NASDAQ,stocks_ratio,90,Dow Jones,0.049297803155925024,False
stocks_ratio_90pct_fallend,60,13,0.11146398445931517,-0.1071697495732155,2.1810181928263286,0.02012072512784474,0.008469175122520529,0.00023350486891526783,True,NASDAQ,stocks_ratio,90,Dow Jones,0.09134325933147043,False
stocks_ratio_90pct_fallend,90,13,0.12293138287487282,-0.12363106230790993,2.1048766239370185,0.030314762669667872,0.005111888766708153,0.0008381355445313552,True,NASDAQ,stocks_ratio,90,Dow Jones,0.09261662020520495,False
stocks_ratio_90pct_fallend,30,13,0.09692461199084554,-0.07762516713461251,3.724331740005578,0.01909582167901598,0.002925655395056923,0.0003032981820361227,True,NASDAQ,stocks_ratio,90,NASDAQ 100,0.07782879031182956,False
stocks_ratio_90pct_fallend,60,13,0.16245339302560977,-0.09886484128377893,2.787748298976008,0.03898690196589121,0.0028874754375970368,6.420030126994899e-05,True,NASDAQ,stocks_ratio,90,NASDAQ 100,0.12346649105971855,False
stocks_ratio_90pct_fallend,90,13,0.20191242688230068,-0.11882789219935014,2.0999937577527374,0.05916250684530102,0.007652950076192024,0.0008184177186809197,True,NASDAQ,stocks_ratio,90,NASDAQ 100,0.14274992003699966,False
stocks_ratio_90pct_fallend,30,13,0.0628200644573135,-0.10843360538853099,1.659199482705381,0.01139934006387728,0.11705546771971102,0.13399610672394577,False,NASDAQ,stocks_ratio,90,Russell 2000,0.05142072439343622,False
stocks_ratio_90pct_fallend,60,13,0.12690779538708455,-0.1402039268501016,1.9718711858741895,0.022813289139560263,0.014767806794532299,0.003457354523927772,True,NASDAQ,stocks_ratio,90,Russell 2000,0.10409450624752428,False
stocks_ratio_90pct_fallend,90,13,0.14895132663077837,-0.16093477714498766,1.775135302763141,0.034351194551070496,0.012331397815039337,0.008045159442385966,True,NASDAQ,stocks_ratio,90,Russell 2000,0.11460013207970787,False
volume_ratio_70pct_fallend,30,731,0.013414584080170502,-0.06643816468559745,0.5511956309625381,0.01197949632199546,0.600320456017342,0.1263184378229018,False,NASDAQ,volume_ratio,70,S&P 500,0.0014350877581750417,True
volume_ratio_70pct_fallend,60,731,0.026121454945496954,-0.09082078207188095,0.5876395128624935,0.024081544333417183,0.5664358562554757,0.260887619482166,False,NASDAQ,volume_ratio,70,S&P 500,0.0020399106120797712,True
volume_ratio_70pct_fallend,90,731,0.03616032857993558,-0.10926624614239742,0.5262317329545475,0.03654052573550044,0.9323172608767494,0.329674791866967,False,NASDAQ,volume_ratio,70,S&P 500,-0.00038019715556486533,True
volume_ratio_70pct_fallend,30,731,0.012240203395096138,-0.06214136220992117,0.5437673783952254,0.010153208940029,0.41114354620823984,0.07695357133486061,False,NASDAQ,volume_ratio,70,Dow Jones,0.0020869944550671385,True
volume_ratio_70pct_fallend,60,731,0.02237005974089133,-0.08543108831678115,0.5580616004454565,0.02012072512784474,0.4848206216423878,0.37291234422683783,False,NASDAQ,volume_ratio,70,Dow Jones,0.002249334613046588,True
volume_ratio_70pct_fallend,90,731,0.02946254106405758,-0.10303566509192763,0.48805334681166807,0.030314762669667872,0.8291406040181399,0.6150204561579509,False,NASDAQ,volume_ratio,70,Dow Jones,-0.0008522216056102913,True
volume_ratio_70pct_fallend,30,731,0.02151768170572634,-0.07460364973913544,0.7678866342057058,0.01909582167901598,0.4441999373713652,0.11557720431448636,False,NASDAQ,volume_ratio,70,NASDAQ 100,0.0024218600267103575,True
volume_ratio_70pct_fallend,60,731,0.044254812659124676,-0.1011697930102794,0.8141275313358144,0.03898690196589121,0.22610429427178672,0.03136648518049293,False,NASDAQ,volume_ratio,70,NASDAQ 100,0.005267910693233464,True
volume_ratio_70pct_fallend,90,731,0.06518981786586968,-0.12082958646621167,0.7749788526354008,0.05916250684530102,0.2712709867029369,0.013864993144479419,False,NASDAQ,volume_ratio,70,NASDAQ 100,0.006027311020568658,True
volume_ratio_70pct_fallend,30,731,0.015224377042630315,-0.0854307061533278,0.4743845065183743,0.01139934006387728,0.290499200213467,0.04884612668512056,False,NASDAQ,volume_ratio,70,Russell 2000,0.0038250369787530356,True
volume_ratio_70pct_fallend,60,731,0.02929780411193142,-0.11780411302064506,0.5131461075170594,0.022813289139560263,0.15837849557612657,0.051814448236149065,False,NASDAQ,volume_ratio,70,Russell 2000,0.006484514972371156,True
volume_ratio_70pct_fallend,90,731,0.04148153757890475,-0.13997686876234755,0.48445605915168105,0.034351194551070496,0.20510555858063054,0.03412956637231592,False,NASDAQ,volume_ratio,70,Russell 2000,0.007130343027834253,True
volume_ratio_80pct_fallend,30,353,0.012156239254968353,-0.07558230851177349,0.44297493741326105,0.01197949632199546,0.9673338053224013,0.30588600355079354,False,NASDAQ,volume_ratio,80,S&P 500,0.00017674293297289222,True
volume_ratio_80pct_fallend,60,353,0.025556999237242282,-0.10191503990079724,0.5135237900591747,0.024081544333417183,0.7903319956751954,0.2112022933593638,False,NASDAQ,volume_ratio,80,S&P 500,0.0014754549038250991,True
volume_ratio_80pct_fallend,90,353,0.03344331009798397,-0.12238182173369919,0.4337145980516546,0.03654052573550044,0.6586676476870496,0.36022040982279024,False,NASDAQ,volume_ratio,80,S&P 500,-0.0030972156375164706,True
volume_ratio_80pct_fallend,30,353,0.011618667079067101,-0.07021011638390244,0.4586523262947636,0.010153208940029,0.7132819676021814,0.11472485000203009,False,NASDAQ,volume_ratio,80,Dow Jones,0.0014654581390381016,True
volume_ratio_80pct_fallend,60,353,0.0223932005399454,-0.0949406709419772,0.49917754147166093,0.02012072512784474,0.6501108136572761,0.2045613250326488,False,NASDAQ,volume_ratio,80,Dow Jones,0.0022724754121006586,True
volume_ratio_80pct_fallend,90,353,0.026238057343978778,-0.11514340460226628,0.3868422988365762,0.030314762669667872,0.5093467392835547,0.5103615659583183,False,NASDAQ,volume_ratio,80,Dow Jones,-0.004076705325689094,True
volume_ratio_80pct_fallend,30,353,0.019957909093442753,-0.08169516606406886,0.6581687918564973,0.01909582167901598,0.8569927482935709,0.3992581980370544,False,NASDAQ,volume_ratio,80,NASDAQ 100,0.0008620874144267716,True
volume_ratio_80pct_fallend,60,353,0.04595826901264388,-0.10834942263516043,0.7858281925560099,0.03898690196589121,0.2861930130095549,0.04516839030538077,False,NASDAQ,volume_ratio,80,NASDAQ 100,0.00697136704675267,True
volume_ratio_80pct_fallend,90,353,0.06845873794433023,-0.12793021793327977,0.7520416786481462,0.05916250684530102,0.26228484894960763,0.012357040035803336,False,NASDAQ,volume_ratio,80,NASDAQ 100,0.00929623109902921,True
volume_ratio_80pct_fallend,30,353,0.01379956219578516,-0.09566033711730253,0.3946968756867484,0.01139934006387728,0.663130494459633,0.141770190850694,False,NASDAQ,volume_ratio,80,Russell 2000,0.002400222131907881,True
volume_ratio_80pct_fallend,60,353,0.03185697232419336,-0.12956218391366214,0.5194262338137898,0.022813289139560263,0.1883554694232629,0.008450762794746927,False,NASDAQ,volume_ratio,80,Russell 2000,0.009043683184633094,True
volume_ratio_80pct_fallend,90,353,0.0409904114781931,-0.15417083769536497,0.4448709126670882,0.034351194551070496,0.43069529695422626,0.02684871434567773,False,NASDAQ,volume_ratio,80,Russell 2000,0.006639216927122604,True
volume_ratio_90pct_fallend,30,89,0.009822835219567908,-0.08768409151748101,0.29894875218533185,0.01197949632199546,0.8318625191063883,0.6797794719654873,False,NASDAQ,volume_ratio,90,S&P 500,-0.0021566611024275532,True
volume_ratio_90pct_fallend,60,89,0.02067239743279073,-0.11924048510164302,0.3573017044099888,0.024081544333417183,0.7876675738931812,0.6816195191643224,False,NASDAQ,volume_ratio,90,S&P 500,-0.0034091469006264537,True
volume_ratio_90pct_fallend,90,89,0.03753930736699652,-0.13635455449530343,0.48453598659562136,0.03654052573550044,0.9425115246458283,0.29917673947288037,False,NASDAQ,volume_ratio,90,S&P 500,0.0009987816314960749,True
volume_ratio_90pct_fallend,30,89,0.00979022986773827,-0.08119959992738286,0.33274574098137705,0.010153208940029,0.9681767002844532,0.4152606411972839,False,NASDAQ,volume_ratio,90,Dow Jones,-0.0003629790722907301,True
volume_ratio_90pct_fallend,60,89,0.020166264415920943,-0.11012322132000327,0.38765555652508793,0.02012072512784474,0.9968076056847365,0.528172397864862,False,NASDAQ,volume_ratio,90,Dow Jones,4.553928807620247e-05,True
volume_ratio_90pct_fallend,90,89,0.031602785472803596,-0.12748724216267046,0.4636206793196585,0.030314762669667872,0.9158579151281075,0.27217313601415993,False,NASDAQ,volume_ratio,90,Dow Jones,0.0012880228031357244,True
volume_ratio_90pct_fallend,30,89,0.020386498300752447,-0.09158678704818135,0.5732444606841014,0.01909582167901598,0.9066062516962163,0.32478329880322987,False,NASDAQ,volume_ratio,90,NASDAQ 100,0.0012906766217364654,True
volume_ratio_90pct_fallend,60,89,0.044514428838342696,-0.12118389714611935,0.6872817497907789,0.03898690196589121,0.6967444509902457,0.16219539054794796,False,NASDAQ,volume_ratio,90,NASDAQ 100,0.005527526872451484,True
volume_ratio_90pct_fallend,90,89,0.07936367665236445,-0.13508678737480811,0.889179011886949,0.05916250684530102,0.20776167726195635,0.0147234160677524,False,NASDAQ,volume_ratio,90,NASDAQ 100,0.020201169807063428,True
volume_ratio_90pct_fallend,30,89,0.005942808557288784,-0.11196736371794418,0.14298070602461227,0.01139934006387728,0.6713323826661376,0.8858041229758367,False,NASDAQ,volume_ratio,90,Russell 2000,-0.005456531506588496,True
volume_ratio_90pct_fallend,60,89,0.022328163859475884,-0.1529454925467549,0.3098689064020392,0.022813289139560263,0.9754618902189588,0.4260024373406788,False,NASDAQ,volume_ratio,90,Russell 2000,-0.00048512528008437875,True
volume_ratio_90pct_fallend,90,89,0.044262921606707,-0.1747780610529301,0.4637527598153351,0.034351194551070496,0.5620602432765323,0.11315628273615262,False,NASDAQ,volume_ratio,90,Russell 2000,0.009911727055636504,True
stocks_ratio_70pct_fallend,30,894,0.017873577793862293,-0.060233935108745716,0.7756685811506391,0.013693655159976469,0.08028518476489567,0.003031248328898723,False,NYSE,stocks_ratio,70,S&P 500,0.004179922633885825,True
stocks_ratio_70pct_fallend,60,894,0.03543696608641084,-0.08195393784376769,0.8621698655346036,0.028311368714780343,0.019145194935336125,0.004794597964121461,True,NYSE,stocks_ratio,70,S&P 500,0.007125597371630495,True
stocks_ratio_70pct_fallend,90,894,0.05374013498426961,-0.09597097662846239,0.9095986449562903,0.04396284453524409,0.006220161408806418,0.00042684101813164914,True,NYSE,stocks_ratio,70,S&P 500,0.00977729044902552,True
stocks_ratio_70pct_fallend,30,894,0.016238688565478065,-0.05688892424042326,0.7504366269162257,0.01178733651352356,0.04754236354776079,0.0009467793407399407,True,NYSE,stocks_ratio,70,Dow Jones,0.004451352051954505,True
stocks_ratio_70pct_fallend,60,894,0.030398753657040176,-0.07783995737780498,0.8070008464132911,0.024024435989243597,0.02256222898335676,0.013431961743342739,True,NYSE,stocks_ratio,70,Dow Jones,0.006374317667796579,True
stocks_ratio_70pct_fallend,90,894,0.04499631127852383,-0.09122673895809058,0.854536201789138,0.036984628218799685,0.012315266435496814,0.0036319599529039495,True,NYSE,stocks_ratio,70,Dow Jones,0.008011683059724148,True
stocks_ratio_70pct_fallend,30,894,0.025031398121482078,-0.06897561340192036,0.9563446184166959,0.0208181305852853,0.12270215379883367,0.04092275484799151,False,NYSE,stocks_ratio,70,NASDAQ 100,0.004213267536196778,True
stocks_ratio_70pct_fallend,60,894,0.05276736940484713,-0.09288689275892399,1.0602270453028648,0.04359806895872419,0.012792542560088075,0.00606106016421783,True,NYSE,stocks_ratio,70,NASDAQ 100,0.009169300446122942,True
stocks_ratio_70pct_fallend,90,894,0.08118650783406485,-0.10845624135850584,1.119992058352574,0.06726908641625615,0.0014952702536394822,0.0004019150607394777,True,NYSE,stocks_ratio,70,NASDAQ 100,0.013917421417808704,True
stocks_ratio_70pct_fallend,30,894,0.019621748073784938,-0.07977301010104466,0.6290424961131919,0.012585319613388988,0.029723705890832706,0.0006890947808693367,True,NYSE,stocks_ratio,70,Russell 2000,0.00703642846039595,True
stocks_ratio_70pct_fallend,60,894,0.03758424936170649,-0.10982452130822691,0.6696386938975057,0.025881882933534207,0.0049723666201123735,0.0015810969094638976,True,NYSE,stocks_ratio,70,Russell 2000,0.011702366428172285,True
stocks_ratio_70pct_fallend,90,894,0.05599795041126377,-0.12865677211002854,0.6935960966414095,0.04036438933282927,0.0014670400500973596,0.0004884163934583037,True,NYSE,stocks_ratio,70,Russell 2000,0.0156335610784345,True
stocks_ratio_80pct_fallend,30,446,0.0182636587304497,-0.06774504595187118,0.7236768686500837,0.013693655159976469,0.2003535497773829,0.0029451099949672783,False,NYSE,stocks_ratio,80,S&P 500,0.004570003570473231,True
stocks_ratio_80pct_fallend,60,446,0.04082397933374723,-0.08827410662107356,0.9496315163806185,0.028311368714780343,0.003939531144732566,0.0002549307453113604,True,NYSE,stocks_ratio,80,S&P 500,0.012512610618966885,True
stocks_ratio_80pct_fallend,90,446,0.05825014750072483,-0.10145289873890671,0.9181307860521468,0.04396284453524409,0.006157663520328279,2.4207785378750645e-05,True,NYSE,stocks_ratio,80,S&P 500,0.014287302965480739,True
stocks_ratio_80pct_fallend,30,446,0.01692383868805204,-0.06388254051866472,0.7204657815588196,0.01178733651352356,0.12248923830794688,0.0010611411345324395,False,NYSE,stocks_ratio,80,Dow Jones,0.00513650217452848,True
stocks_ratio_80pct_fallend,60,446,0.035905871140658054,-0.08357121167541788,0.9198022722432633,0.024024435989243597,0.0026313028691412606,0.00036378297019334845,True,NYSE,stocks_ratio,80,Dow Jones,0.011881435151414457,True
stocks_ratio_80pct_fallend,90,446,0.048378826063992894,-0.09648726133142116,0.8558496175397884,0.036984628218799685,0.014378352135894886,0.000542690200127041,True,NYSE,stocks_ratio,80,Dow Jones,0.011394197845193209,True
stocks_ratio_80pct_fallend,30,446,0.025821666234584,-0.07494001925062024,0.9180058779026457,0.0208181305852853,0.2100870289282227,0.029726159772066735,False,NYSE,stocks_ratio,80,NASDAQ 100,0.0050035356492987015,True
stocks_ratio_80pct_fallend,60,446,0.060529989383441105,-0.09655557767613134,1.1737049419252388,0.04359806895872419,0.0011680419201661291,0.00039814454825456183,True,NYSE,stocks_ratio,80,NASDAQ 100,0.016931920424716917,True
stocks_ratio_80pct_fallend,90,446,0.08981614632352154,-0.11082574014175169,1.172417058022164,0.06726908641625615,0.0003583762089227339,2.1440085261095057e-05,True,NYSE,stocks_ratio,80,NASDAQ 100,0.022547059907265396,True
stocks_ratio_80pct_fallend,30,446,0.019441040267500348,-0.08843050273068839,0.5801112216876585,0.012585319613388988,0.14856356020713282,0.0020590037686266218,False,NYSE,stocks_ratio,80,Russell 2000,0.00685572065411136,True
stocks_ratio_80pct_fallend,60,446,0.045355381419897,-0.11632316849638871,0.7865720294475548,0.025881882933534207,0.0008618091298555219,4.901467122287994e-05,True,NYSE,stocks_ratio,80,Russell 2000,0.019473498486362793,True
stocks_ratio_80pct_fallend,90,446,0.06335304307698121,-0.13357171601310605,0.7489336137238138,0.04036438933282927,0.001016468282032762,1.5952663660002712e-05,True,NYSE,stocks_ratio,80,Russell 2000,0.02298865374415194,True
stocks_ratio_90pct_fallend,30,126,0.024625410586961938,-0.08621810490299421,0.7625582726905891,0.013693655159976469,0.19442771022228916,0.003233144819494954,False,NYSE,stocks_ratio,90,S&P 500,0.01093175542698547,True
stocks_ratio_90pct_fallend,60,126,0.05316806186074934,-0.10958865536377667,1.0083994490470802,0.028311368714780343,0.011474929127261906,0.00013794980419330576,True,NYSE,stocks_ratio,90,S&P 500,0.024856693145969,True
stocks_ratio_90pct_fallend,90,126,0.07314287836759337,-0.12013392517679213,0.9725588523493516,0.04396284453524409,0.01084615381929388,6.822862405366343e-05,True,NYSE,stocks_ratio,90,S&P 500,0.029180033832349274,True
stocks_ratio_90pct_fallend,30,126,0.022634346099670095,-0.08143252206185157,0.7790726652356188,0.01178733651352356,0.15289387451528538,0.0015070876043590407,False,NYSE,stocks_ratio,90,Dow Jones,0.010847009586146535,True
stocks_ratio_90pct_fallend,60,126,0.048423667019009194,-0.10297384472352496,1.0129868649738918,0.024024435989243597,0.006331614074934405,7.32515553893061e-05,True,NYSE,stocks_ratio,90,Dow Jones,0.024399231029765597,True
stocks_ratio_90pct_fallend,90,126,0.06212759431346828,-0.11373522817067518,0.9259019616320093,0.036984628218799685,0.013844207198054464,0.0001869772111605791,True,NYSE,stocks_ratio,90,Dow Jones,0.025142966094668595,True
stocks_ratio_90pct_fallend,30,126,0.035893820252667276,-0.0870853282722107,1.0464700756680017,0.0208181305852853,0.0931577625453127,0.0034122049054024577,False,NYSE,stocks_ratio,90,NASDAQ 100,0.015075689667381976,True
stocks_ratio_90pct_fallend,60,126,0.07623924780052774,-0.11000671457845297,1.261207255631215,0.04359806895872419,0.003946292456001991,0.00038201746473636876,True,NYSE,stocks_ratio,90,NASDAQ 100,0.03264117884180355,True
stocks_ratio_90pct_fallend,90,126,0.11554534652223376,-0.12051231294541923,1.30900507299385,0.06726908641625615,0.00039036062468875854,1.0113798830084712e-05,True,NYSE,stocks_ratio,90,NASDAQ 100,0.04827626010597762,True
stocks_ratio_90pct_fallend,30,126,0.023963961762964052,-0.111304971278141,0.5443372952630923,0.012585319613388988,0.32112199232715655,0.011517374609950415,False,NYSE,stocks_ratio,90,Russell 2000,0.011378642149575064,True
stocks_ratio_90pct_fallend,60,126,0.062160113886214674,-0.1421536461568173,0.8736085208629795,0.025881882933534207,0.006387429199633802,4.798600865181962e-05,True,NYSE,stocks_ratio,90,Russell 2000,0.03627823095268047,True
stocks_ratio_90pct_fallend,90,126,0.08442436164779638,-0.1562166772487716,0.839936561053374,0.04036438933282927,0.004156377239377541,4.337972593753036e-05,True,NYSE,stocks_ratio,90,Russell 2000,0.044059972314967104,True
volume_ratio_70pct_fallend,30,615,0.0207416350333394,-0.061227789140449004,0.8816923510913035,0.013693655159976469,0.014459722784576391,5.9126486805240354e-05,True,NYSE,volume_ratio,70,S&P 500,0.00704797987336293,True
volume_ratio_70pct_fallend,60,615,0.04050771659339658,-0.08208568427529908,0.9687693353323322,0.028311368714780343,0.000828989203891951,1.0681093111030357e-05,True,NYSE,volume_ratio,70,S&P 500,0.012196347878616239,True
volume_ratio_70pct_fallend,90,615,0.06069791900615738,-0.09523906495765172,1.0267620472589387,0.04396284453524409,7.339974504476164e-05,5.793961177776981e-07,True,NYSE,volume_ratio,70,S&P 500,0.01673507447091329,True
volume_ratio_70pct_fallend,30,615,0.0189549273422706,-0.05801352921067927,0.8567573668381635,0.01178733651352356,0.008228641464087498,2.0119937912077232e-05,True,NYSE,volume_ratio,70,Dow Jones,0.007167590828747041,True
volume_ratio_70pct_fallend,60,615,0.035444882751124875,-0.07835234536396722,0.9253654210849611,0.024024435989243597,0.0006492530252032046,1.7882237319637706e-05,True,NYSE,volume_ratio,70,Dow Jones,0.011420446761881278,True
volume_ratio_70pct_fallend,90,615,0.05063698209977105,-0.09110354230020452,0.9633904152647569,0.036984628218799685,0.00028712484090849966,1.945758271741463e-05,True,NYSE,volume_ratio,70,Dow Jones,0.013652353880971364,True
volume_ratio_70pct_fallend,30,615,0.028746081975540176,-0.06817063937277854,1.089556581882045,0.0208181305852853,0.014665574733719969,0.0007614038754685471,True,NYSE,volume_ratio,70,NASDAQ 100,0.007927951390254876,True
volume_ratio_70pct_fallend,60,615,0.05935084433531941,-0.09015180988259003,1.1942657526787521,0.04359806895872419,0.00028975598520878087,3.8969093058969885e-05,True,NYSE,volume_ratio,70,NASDAQ 100,0.015752775376595224,True
volume_ratio_70pct_fallend,90,615,0.09111377523857106,-0.10475075951444437,1.2581492640776615,0.06726908641625615,4.108078644108434e-06,1.1818721814934499e-07,True,NYSE,volume_ratio,70,NASDAQ 100,0.023844688822314913,True
volume_ratio_70pct_fallend,30,615,0.022146996192091904,-0.08069027159694615,0.6954386346714356,0.012585319613388988,0.014263715297924404,0.00012134124922261024,True,NYSE,volume_ratio,70,Russell 2000,0.009561676578702915,True
volume_ratio_70pct_fallend,60,615,0.044369732010008225,-0.10945705604775094,0.7761135891590574,0.025881882933534207,0.00021812595452714193,2.467069766994994e-06,True,NYSE,volume_ratio,70,Russell 2000,0.01848784907647402,True
volume_ratio_70pct_fallend,90,615,0.0668345243005671,-0.1265892688823878,0.8240775598551908,0.04036438933282927,5.443409382688903e-06,5.899200172381195e-08,True,NYSE,volume_ratio,70,Russell 2000,0.026470134967737834,True
volume_ratio_80pct_fallend,30,321,0.019472811576962654,-0.06908880128252363,0.7369624391021015,0.013693655159976469,0.18550582789430672,0.0011282453877134184,False,NYSE,volume_ratio,80,S&P 500,0.005779156416986186,True
volume_ratio_80pct_fallend,60,321,0.045209377853334655,-0.08970994618376389,1.0072203182461246,0.028311368714780343,0.0014247926466129947,2.5871278109288297e-06,True,NYSE,volume_ratio,80,S&P 500,0.016898009138554312,True
volume_ratio_80pct_fallend,90,321,0.06704967509591758,-0.10079030213933483,1.0694236022233607,0.04396284453524409,0.00014129108620121605,6.544644150423873e-08,True,NYSE,volume_ratio,80,S&P 500,0.02308683056067349,True
volume_ratio_80pct_fallend,30,321,0.01792147483487358,-0.06512556867147391,0.7230494926421057,0.01178733651352356,0.13434758178916775,0.00042448471460160937,False,NYSE,volume_ratio,80,Dow Jones,0.00613413832135002,True
volume_ratio_80pct_fallend,60,321,0.03926038423362383,-0.08497416168365525,0.9531363340984182,0.024024435989243597,0.0017356243373768167,6.824037676264109e-06,True,NYSE,volume_ratio,80,Dow Jones,0.015235948244380234,True
volume_ratio_80pct_fallend,90,321,0.05512798400623434,-0.09592481712948342,0.9781628506196167,0.036984628218799685,0.0008660046442498181,3.4588849444758594e-06,True,NYSE,volume_ratio,80,Dow Jones,0.018143355787434652,True
volume_ratio_80pct_fallend,30,321,0.02798666821042474,-0.07482316880913176,0.9748517809226345,0.0208181305852853,0.1321668150246314,0.008689726237193683,False,NYSE,volume_ratio,80,NASDAQ 100,0.007168537625139439,True
volume_ratio_80pct_fallend,60,321,0.06739366515544021,-0.09514234101137833,1.291901630146168,0.04359806895872419,0.0001206142271121877,4.6802935112821e-06,True,NYSE,volume_ratio,80,NASDAQ 100,0.02379559619671602,True
volume_ratio_80pct_fallend,90,321,0.10339847773454645,-0.1070371749719274,1.3827731036204896,0.06726908641625615,7.291255124843146e-07,4.870537913479879e-09,True,NYSE,volume_ratio,80,NASDAQ 100,0.03612939131829031,True
volume_ratio_80pct_fallend,30,321,0.01947442905732146,-0.08958318152871649,0.5575965169016236,0.012585319613388988,0.23280006366999617,0.005154508903904967,False,NYSE,volume_ratio,80,Russell 2000,0.006889109443932473,True
volume_ratio_80pct_fallend,60,321,0.05020455934069196,-0.11764835967810199,0.8263253387475773,0.025881882933534207,0.0007133242599145065,8.044518201214362e-07,True,NYSE,volume_ratio,80,Russell 2000,0.02432267640715775,True
volume_ratio_80pct_fallend,90,321,0.07345705867267958,-0.13237129756215035,0.8687011255373459,0.04036438933282927,5.594329448676414e-05,1.1973087732709647e-07,True,NYSE,volume_ratio,80,Russell 2000,0.03309266933985031,True
volume_ratio_90pct_fallend,30,97,0.01830638288183595,-0.08401188136280742,0.5939869465338373,0.013693655159976469,0.6136954021725803,0.04499671571056246,False,NYSE,volume_ratio,90,S&P 500,0.004612727721859482,True
volume_ratio_90pct_fallend,60,97,0.0476757565190527,-0.10826179888209785,0.9268910773395098,0.028311368714780343,0.07503711069037393,0.0014669269049962948,False,NYSE,volume_ratio,90,S&P 500,0.01936438780427236,True
volume_ratio_90pct_fallend,90,97,0.0700701223905954,-0.11706554366547271,0.9721652917258602,0.04396284453524409,0.036533779917886255,0.00015898590828970476,True,NYSE,volume_ratio,90,S&P 500,0.02610727785535131,True
volume_ratio_90pct_fallend,30,97,0.016725255939036055,-0.0786886814948906,0.5970385926043902,0.01178733651352356,0.5524018557345787,0.0337913110702128,False,NYSE,volume_ratio,90,Dow Jones,0.004937919425512496,True
volume_ratio_90pct_fallend,60,97,0.04469053755254298,-0.10033232795389643,0.952436345769228,0.024024435989243597,0.037889584747434146,0.000488598889124805,True,NYSE,volume_ratio,90,Dow Jones,0.020666101563299382,True
volume_ratio_90pct_fallend,90,97,0.061655725412881224,-0.10894777218492359,0.9624783187542002,0.036984628218799685,0.026483881044763905,0.0001590860153917761,True,NYSE,volume_ratio,90,Dow Jones,0.02467109719408154,True
volume_ratio_90pct_fallend,30,97,0.02993679842822915,-0.08428100837482448,0.9288837354855767,0.0208181305852853,0.341327913501247,0.018108253871078173,False,NYSE,volume_ratio,90,NASDAQ 100,0.00911866784294385,True
volume_ratio_90pct_fallend,60,97,0.06982774456497264,-0.108296271943841,1.1885987836818055,0.04359806895872419,0.03545357278764574,0.0028774137754468206,True,NYSE,volume_ratio,90,NASDAQ 100,0.026229675606248448,True
volume_ratio_90pct_fallend,90,97,0.11196580512326214,-0.11732275555084395,1.3466378699247896,0.06726908641625615,0.00220167695530316,2.114764571848956e-05,True,NYSE,volume_ratio,90,NASDAQ 100,0.04469671870700599,True
volume_ratio_90pct_fallend,30,97,0.013809298297536554,-0.10872224617519805,0.34212174998709044,0.012585319613388988,0.9185110310232006,0.24509309852088346,False,NYSE,volume_ratio,90,Russell 2000,0.0012239786841475656,True
volume_ratio_90pct_fallend,60,97,0.04888012433412945,-0.1421187699439469,0.7323058965494523,0.025881882933534207,0.1030686701657804,0.004400284505666782,False,NYSE,volume_ratio,90,Russell 2000,0.022998241400595244,True
volume_ratio_90pct_fallend,90,97,0.07430323624570845,-0.15399129946618054,0.8032025045944338,0.04036438933282927,0.034459468536243154,0.00045125258849798507,True,NYSE,volume_ratio,90,Russell 2000,0.03393884691287918,True
